{
  "combined": {
    "example_level": {
      "overall": {
        "precision": 0.9891891891891892,
        "recall": 0.8970588235294118,
        "f1": 0.9408740359897172,
        "tp": 183,
        "fp": 2,
        "fn": 21,
        "n": 235
      },
      "by_type": {
        "overgeneration": {
          "precision": 1.0,
          "recall": 0.8469387755102041,
          "f1": 0.9171270718232044,
          "tp": 83,
          "fp": 0,
          "fn": 15,
          "n": 98
        },
        "missing_tool": {
          "precision": 1.0,
          "recall": 1.0,
          "f1": 1.0,
          "tp": 70,
          "fp": 0,
          "fn": 0,
          "n": 70
        },
        "clean": {
          "precision": 0.0,
          "recall": 0.0,
          "f1": 0.0,
          "tp": 0,
          "fp": 2,
          "fn": 0,
          "n": 31
        },
        "contradiction": {
          "precision": 1.0,
          "recall": 0.8333333333333334,
          "f1": 0.9090909090909091,
          "tp": 30,
          "fp": 0,
          "fn": 6,
          "n": 36
        }
      }
    },
    "sentence_level": {
      "overall": {
        "precision": 0.8738317757009346,
        "recall": 0.6900369003690037,
        "f1": 0.7711340206185566,
        "tp": 187,
        "fp": 27,
        "fn": 84,
        "n": 1958
      },
      "by_type": {
        "overgeneration": {
          "precision": 0.8725490196078431,
          "recall": 0.5393939393939394,
          "f1": 0.6666666666666666,
          "tp": 89,
          "fp": 13,
          "fn": 76,
          "n": 942
        },
        "missing_tool": {
          "precision": 0.8974358974358975,
          "recall": 1.0,
          "f1": 0.945945945945946,
          "tp": 70,
          "fp": 8,
          "fn": 0,
          "n": 607
        },
        "clean": {
          "precision": 0.0,
          "recall": 0.0,
          "f1": 0.0,
          "tp": 0,
          "fp": 2,
          "fn": 0,
          "n": 114
        },
        "contradiction": {
          "precision": 0.875,
          "recall": 0.7777777777777778,
          "f1": 0.823529411764706,
          "tp": 28,
          "fp": 4,
          "fn": 8,
          "n": 295
        }
      }
    },
    "span_level": {
      "overall": {
        "precision": 0.8318858560794045,
        "recall": 0.6638613861386139,
        "f1": 0.7384361233480178,
        "tp": 10728,
        "fp": 2168,
        "fn": 5432,
        "n": 235
      },
      "by_type": {
        "overgeneration": {
          "precision": 0.8810366624525916,
          "recall": 0.5661251015434606,
          "f1": 0.6893175074183977,
          "tp": 6969,
          "fp": 941,
          "fn": 5341,
          "n": 98
        },
        "missing_tool": {
          "precision": 0.8606332585390177,
          "recall": 1.0,
          "f1": 0.9250971459198714,
          "tp": 3452,
          "fp": 559,
          "fn": 0,
          "n": 70
        },
        "clean": {
          "precision": 0.0,
          "recall": 0.0,
          "f1": 0.0,
          "tp": 0,
          "fp": 109,
          "fn": 0,
          "n": 31
        },
        "contradiction": {
          "precision": 0.35450346420323325,
          "recall": 0.7713567839195979,
          "f1": 0.485759493670886,
          "tp": 307,
          "fp": 559,
          "fn": 91,
          "n": 36
        }
      }
    }
  },
  "contradiction": {
    "example_level": {
      "overall": {
        "precision": 0.9375,
        "recall": 0.8333333333333334,
        "f1": 0.8823529411764706,
        "tp": 30,
        "fp": 2,
        "fn": 6,
        "n": 67
      },
      "by_type": {
        "clean": {
          "precision": 0.0,
          "recall": 0.0,
          "f1": 0.0,
          "tp": 0,
          "fp": 2,
          "fn": 0,
          "n": 31
        },
        "contradiction": {
          "precision": 1.0,
          "recall": 0.8333333333333334,
          "f1": 0.9090909090909091,
          "tp": 30,
          "fp": 0,
          "fn": 6,
          "n": 36
        }
      }
    },
    "sentence_level": {
      "overall": {
        "precision": 0.8235294117647058,
        "recall": 0.7777777777777778,
        "f1": 0.7999999999999999,
        "tp": 28,
        "fp": 6,
        "fn": 8,
        "n": 409
      },
      "by_type": {
        "clean": {
          "precision": 0.0,
          "recall": 0.0,
          "f1": 0.0,
          "tp": 0,
          "fp": 2,
          "fn": 0,
          "n": 114
        },
        "contradiction": {
          "precision": 0.875,
          "recall": 0.7777777777777778,
          "f1": 0.823529411764706,
          "tp": 28,
          "fp": 4,
          "fn": 8,
          "n": 295
        }
      }
    },
    "span_level": {
      "overall": {
        "precision": 0.3148717948717949,
        "recall": 0.7713567839195979,
        "f1": 0.44719592134013114,
        "tp": 307,
        "fp": 668,
        "fn": 91,
        "n": 67
      },
      "by_type": {
        "clean": {
          "precision": 0.0,
          "recall": 0.0,
          "f1": 0.0,
          "tp": 0,
          "fp": 109,
          "fn": 0,
          "n": 31
        },
        "contradiction": {
          "precision": 0.35450346420323325,
          "recall": 0.7713567839195979,
          "f1": 0.485759493670886,
          "tp": 307,
          "fp": 559,
          "fn": 91,
          "n": 36
        }
      }
    }
  },
  "missing_tool": {
    "example_level": {
      "overall": {
        "precision": 0.9722222222222222,
        "recall": 1.0,
        "f1": 0.9859154929577464,
        "tp": 70,
        "fp": 2,
        "fn": 0,
        "n": 101
      },
      "by_type": {
        "missing_tool": {
          "precision": 1.0,
          "recall": 1.0,
          "f1": 1.0,
          "tp": 70,
          "fp": 0,
          "fn": 0,
          "n": 70
        },
        "clean": {
          "precision": 0.0,
          "recall": 0.0,
          "f1": 0.0,
          "tp": 0,
          "fp": 2,
          "fn": 0,
          "n": 31
        }
      }
    },
    "sentence_level": {
      "overall": {
        "precision": 0.8641975308641975,
        "recall": 1.0,
        "f1": 0.9271523178807948,
        "tp": 70,
        "fp": 11,
        "fn": 0,
        "n": 721
      },
      "by_type": {
        "missing_tool": {
          "precision": 0.8860759493670886,
          "recall": 1.0,
          "f1": 0.9395973154362416,
          "tp": 70,
          "fp": 9,
          "fn": 0,
          "n": 607
        },
        "clean": {
          "precision": 0.0,
          "recall": 0.0,
          "f1": 0.0,
          "tp": 0,
          "fp": 2,
          "fn": 0,
          "n": 114
        }
      }
    },
    "span_level": {
      "overall": {
        "precision": 0.8147274014632995,
        "recall": 1.0,
        "f1": 0.8979060996228378,
        "tp": 3452,
        "fp": 785,
        "fn": 0,
        "n": 101
      },
      "by_type": {
        "missing_tool": {
          "precision": 0.8362403100775194,
          "recall": 1.0,
          "f1": 0.9108179419525066,
          "tp": 3452,
          "fp": 676,
          "fn": 0,
          "n": 70
        },
        "clean": {
          "precision": 0.0,
          "recall": 0.0,
          "f1": 0.0,
          "tp": 0,
          "fp": 109,
          "fn": 0,
          "n": 31
        }
      }
    }
  },
  "overgeneration": {
    "example_level": {
      "overall": {
        "precision": 0.9764705882352941,
        "recall": 0.8469387755102041,
        "f1": 0.907103825136612,
        "tp": 83,
        "fp": 2,
        "fn": 15,
        "n": 129
      },
      "by_type": {
        "overgeneration": {
          "precision": 1.0,
          "recall": 0.8469387755102041,
          "f1": 0.9171270718232044,
          "tp": 83,
          "fp": 0,
          "fn": 15,
          "n": 98
        },
        "clean": {
          "precision": 0.0,
          "recall": 0.0,
          "f1": 0.0,
          "tp": 0,
          "fp": 2,
          "fn": 0,