{
  "combined": [
    3919.0008248624754,
    4795.027898732433,
    458.6947716791183,
    10783.805307395742,
    0.0,
    0.0,
    8.424762647831813,
    109.87989309523255,
    1360.5468699670164,
    0.0,
    0.0,
    0.0,
    85.57155296206474,
    2573.380400087106,
    39.42536407522857,
    0.0,
    40.67047882825136,
    0.0,
    0.0,
    0.0,
    0.0,
    0.0
  ],
  "contradiction": [
    953.018002829517,
    444.95648406542637,
    1680.933754876215,
    1736.0843523706928,
    0.0,
    0.0,
    0.0,
    47.03672183805611,
    160.6305708930155,
    0.0,
    0.0,
    0.0,
    36.750457595487575,
    932.8129328217607,
    0.0,
    0.0,
    97.71831860925295,
    0.0,
    0.0,
    0.0,
    0.0,
    0.0
  ],
  "missing_tool": [
    1.0587191296778652e-13,
    7.93479817970373e-14,
    0.0,
    5763.189141645096,
    0.0,
    2239.5843618046492,
    0.0,
    4.336810240905666e-19,
    2.2907053443177936e-15,
    0.0,
    0.0,
    0.0,
    0.0,
    2.1128968569090937e-15,
    1.7763600157738027e-15,
    0.0,
    0.0,
    0.0,
    0.0,
    0.0,
    0.0,
    0.0
  ],
  "overgeneration": [
    2051.307372513958,
    2414.0015013370703,
    1129.6716875731945,
    2792.296278361033,
    0.0,
    0.0,
    0.0,
    112.82440834400484,
    1440.3865301443907,
    0.0,
    0.0,
    0.0,
    97.76880430626625,
    1351.2765053007213,
    0.0,
    0.0,
    184.4912044419716,
    0.0,
    0.0,
    0.0,
    0.0,
    0.0
  ]
}