{
  "combined": {
    "example_level": {
      "overall": {
        "precision": 0.8680851063829788,
        "recall": 1.0,
        "f1": 0.9293849658314352,
        "tp": 204,
        "fp": 31,
        "fn": 0,
        "n": 235,
        "n_positive": 204
      },
      "by_type": {
        "overgeneration": {
          "precision": 1.0,
          "recall": 1.0,
          "f1": 1.0,
          "tp": 98,
          "fp": 0,
          "fn": 0,
          "n": 98,
          "n_positive": 98
        },
        "missing_tool": {
          "precision": 1.0,
          "recall": 1.0,
          "f1": 1.0,
          "tp": 70,
          "fp": 0,
          "fn": 0,
          "n": 70,
          "n_positive": 70
        },
        "clean": {
          "precision": 0.0,
          "recall": 0.0,
          "f1": 0.0,
          "tp": 0,
          "fp": 31,
          "fn": 0,
          "n": 31,
          "n_positive": 0
        },
        "contradiction": {
          "precision": 1.0,
          "recall": 1.0,
          "f1": 1.0,
          "tp": 36,
          "fp": 0,
          "fn": 0,
          "n": 36,
          "n_positive": 36
        }
      }
    },
    "span_level": {
      "overall": {
        "precision": 0.1467956469165659,
        "recall": 0.8639232673267326,
        "f1": 0.25095043364939557,
        "tp": 13961,
        "fp": 81144,
        "fn": 2199,
        "n": 235
      },
      "by_type": {
        "overgeneration": {
          "precision": 0.21296088930512858,
          "recall": 0.8497156783103168,
          "f1": 0.34056685171016,
          "tp": 10460,
          "fp": 38657,
          "fn": 1850,
          "n": 98
        },
        "missing_tool": {
          "precision": 0.09794233535555695,
          "recall": 0.9073001158748552,
          "f1": 0.17679932260795936,
          "tp": 3132,
          "fp": 28846,
          "fn": 320,
          "n": 70
        },
        "clean": {
          "precision": 0.0,
          "recall": 0.0,
          "f1": 0.0,
          "tp": 0,
          "fp": 6259,
          "fn": 0,
          "n": 31
        },
        "contradiction": {
          "precision": 0.04760676041801058,
          "recall": 0.9271356783919598,
          "f1": 0.0905632592956191,
          "tp": 369,
          "fp": 7382,
          "fn": 29,
          "n": 36
        }
      }
    }
  },
  "contradiction": {
    "example_level": {
      "overall": {
        "precision": 0.5373134328358209,
        "recall": 1.0,
        "f1": 0.6990291262135923,
        "tp": 36,
        "fp": 31,
        "fn": 0,
        "n": 67,
        "n_positive": 36
      },
      "by_type": {
        "clean": {
          "precision": 0.0,
          "recall": 0.0,
          "f1": 0.0,
          "tp": 0,
          "fp": 31,
          "fn": 0,
          "n": 31,
          "n_positive": 0
        },
        "contradiction": {
          "precision": 1.0,
          "recall": 1.0,
          "f1": 1.0,
          "tp": 36,
          "fp": 0,
          "fn": 0,
          "n": 36,
          "n_positive": 36
        }
      }
    },
    "span_level": {
      "overall": {
        "precision": 0.026338329764453963,
        "recall": 0.9271356783919598,
        "f1": 0.05122154358689617,
        "tp": 369,
        "fp": 13641,
        "fn": 29,
        "n": 67
      },
      "by_type": {
        "clean": {
          "precision": 0.0,
          "recall": 0.0,
          "f1": 0.0,
          "tp": 0,
          "fp": 6259,
          "fn": 0,
          "n": 31
        },
        "contradiction": {
          "precision": 0.04760676041801058,
          "recall": 0.9271356783919598,
          "f1": 0.0905632592956191,
          "tp": 369,
          "fp": 7382,
          "fn": 29,
          "n": 36
        }
      }
    }
  },
  "missing_tool": {
    "example_level": {
      "overall": {
        "precision": 0.693069306930693,
        "recall": 1.0,
        "f1": 0.8187134502923976,
        "tp": 70,
        "fp": 31,
        "fn": 0,
        "n": 101,
        "n_positive": 70
      },
      "by_type": {
        "missing_tool": {
          "precision": 1.0,
          "recall": 1.0,
          "f1": 1.0,
          "tp": 70,
          "fp": 0,
          "fn": 0,
          "n": 70,
          "n_positive": 70
        },
        "clean": {
          "precision": 0.0,
          "recall": 0.0,
          "f1": 0.0,
          "tp": 0,
          "fp": 31,
          "fn": 0,
          "n": 31,
          "n_positive": 0
        }
      }
    },
    "span_level": {
      "overall": {
        "precision": 0.08191019169913957,
        "recall": 0.9073001158748552,
        "f1": 0.15025546307179352,
        "tp": 3132,
        "fp": 35105,
        "fn": 320,
        "n": 101
      },
      "by_type": {
        "missing_tool": {
          "precision": 0.09794233535555695,
          "recall": 0.9073001158748552,
          "f1": 0.17679932260795936,
          "tp": 3132,
          "fp": 28846,
          "fn": 320,
          "n": 70
        },
        "clean": {
          "precision": 0.0,
          "recall": 0.0,
          "f1": 0.0,
          "tp": 0,
          "fp": 6259,
          "fn": 0,
          "n": 31
        }
      }
    }
  },
  "overgeneration": {
    "example_level": {
      "overall": {
        "precision": 0.7596899224806202,
        "recall": 1.0,
        "f1": 0.8634361233480177,
        "tp": 98,
        "fp": 31,
        "fn": 0,
        "n": 129,
        "n_positive": 98
      },
      "by_type": {
        "overgeneration": {
          "precision": 1.0,
          "recall": 1.0,
          "f1": 1.0,
          "tp": 98,
          "fp": 0,
          "fn": 0,
          "n": 98,
          "n_positive": 98
        },
        "clean": {
          "precision": 0.0,
          "recall": 0.0,
          "f1": 0.0,
          "tp": 0,
          "fp": 31,
          "fn": 0,
          "n": 31,
          "n_positive": 0
        }
      }
    },
    "span_level": {
      "overall": {
        "precision": 0.1888904940768564,
        "recall": 0.8497156783103168,
        "f1": 0.3090742546464557,
        "tp": 10460,
        "fp": 44916,
        "fn": 1850,
        "n": 129
      },
      "by_type": {
        "overgeneration": {
          "precision": 0.21296088930512858,
          "recall": 0.8497156783103168,
          "f1": 0.34056685171016,
          "tp": 10460,
          "fp": 38657,
          "fn": 1850,
          "n": 98
        },
        "clean": {
          "precision": 0.0,
          "recall": 0.0,
          "f1": 0.0,
          "tp": 0,
          "fp": 6259,
          "fn": 0,
          "n": 31
        }
      }
    }
  }
}