{
  "combined": {
    "example_level": {
      "overall": {
        "precision": 0.8755364806866953,
        "recall": 1.0,
        "f1": 0.9336384439359269,
        "tp": 204,
        "fp": 29,
        "fn": 0,
        "n": 235,
        "n_positive": 204
      },
      "by_type": {
        "overgeneration": {
          "precision": 1.0,
          "recall": 1.0,
          "f1": 1.0,
          "tp": 98,
          "fp": 0,
          "fn": 0,
          "n": 98,
          "n_positive": 98
        },
        "missing_tool": {
          "precision": 1.0,
          "recall": 1.0,
          "f1": 1.0,
          "tp": 70,
          "fp": 0,
          "fn": 0,
          "n": 70,
          "n_positive": 70
        },
        "clean": {
          "precision": 0.0,
          "recall": 0.0,
          "f1": 0.0,
          "tp": 0,
          "fp": 29,
          "fn": 0,
          "n": 31,
          "n_positive": 0
        },
        "contradiction": {
          "precision": 1.0,
          "recall": 1.0,
          "f1": 1.0,
          "tp": 36,
          "fp": 0,
          "fn": 0,
          "n": 36,
          "n_positive": 36
        }
      }
    },
    "span_level": {
      "overall": {
        "precision": 0.2444492204936598,
        "recall": 0.9149752475247525,
        "f1": 0.3858207105300925,
        "tp": 14786,
        "fp": 45701,
        "fn": 1374,
        "n": 235
      },
      "by_type": {
        "overgeneration": {
          "precision": 0.35651411309968495,
          "recall": 0.8916328188464663,
          "f1": 0.5093626006450566,
          "tp": 10976,
          "fp": 19811,
          "fn": 1334,
          "n": 98
        },
        "missing_tool": {
          "precision": 0.18589363651058785,
          "recall": 0.9994206257242179,
          "f1": 0.31347962382445144,
          "tp": 3450,
          "fp": 15109,
          "fn": 2,
          "n": 70
        },
        "clean": {
          "precision": 0.0,
          "recall": 0.0,
          "f1": 0.0,
          "tp": 0,
          "fp": 4143,
          "fn": 0,
          "n": 31
        },
        "contradiction": {
          "precision": 0.05144326950557302,
          "recall": 0.9045226130653267,
          "f1": 0.09734991887506761,
          "tp": 360,
          "fp": 6638,
          "fn": 38,
          "n": 36
        }
      }
    }
  },
  "contradiction": {
    "example_level": {
      "overall": {
        "precision": 0.5538461538461539,
        "recall": 1.0,
        "f1": 0.712871287128713,
        "tp": 36,
        "fp": 29,
        "fn": 0,
        "n": 67,
        "n_positive": 36
      },
      "by_type": {
        "clean": {
          "precision": 0.0,
          "recall": 0.0,
          "f1": 0.0,
          "tp": 0,
          "fp": 29,
          "fn": 0,
          "n": 31,
          "n_positive": 0
        },
        "contradiction": {
          "precision": 1.0,
          "recall": 1.0,
          "f1": 1.0,
          "tp": 36,
          "fp": 0,
          "fn": 0,
          "n": 36,
          "n_positive": 36
        }
      }
    },
    "span_level": {
      "overall": {
        "precision": 0.032313077820662416,
        "recall": 0.9045226130653267,
        "f1": 0.062397088135886986,
        "tp": 360,
        "fp": 10781,
        "fn": 38,
        "n": 67
      },
      "by_type": {
        "clean": {
          "precision": 0.0,
          "recall": 0.0,
          "f1": 0.0,
          "tp": 0,
          "fp": 4143,
          "fn": 0,
          "n": 31
        },
        "contradiction": {
          "precision": 0.05144326950557302,
          "recall": 0.9045226130653267,
          "f1": 0.09734991887506761,
          "tp": 360,
          "fp": 6638,
          "fn": 38,
          "n": 36
        }
      }
    }
  },
  "missing_tool": {
    "example_level": {
      "overall": {
        "precision": 0.7070707070707071,
        "recall": 1.0,
        "f1": 0.8284023668639052,
        "tp": 70,
        "fp": 29,
        "fn": 0,
        "n": 101,
        "n_positive": 70
      },
      "by_type": {
        "missing_tool": {
          "precision": 1.0,
          "recall": 1.0,
          "f1": 1.0,
          "tp": 70,
          "fp": 0,
          "fn": 0,
          "n": 70,
          "n_positive": 70
        },
        "clean": {
          "precision": 0.0,
          "recall": 0.0,
          "f1": 0.0,
          "tp": 0,
          "fp": 29,
          "fn": 0,
          "n": 31,
          "n_positive": 0
        }
      }
    },
    "span_level": {
      "overall": {
        "precision": 0.15196898951634216,
        "recall": 0.9994206257242179,
        "f1": 0.26382197751777925,
        "tp": 3450,
        "fp": 19252,
        "fn": 2,
        "n": 101
      },
      "by_type": {
        "missing_tool": {
          "precision": 0.18589363651058785,
          "recall": 0.9994206257242179,
          "f1": 0.31347962382445144,
          "tp": 3450,
          "fp": 15109,
          "fn": 2,
          "n": 70
        },
        "clean": {
          "precision": 0.0,
          "recall": 0.0,
          "f1": 0.0,
          "tp": 0,
          "fp": 4143,
          "fn": 0,
          "n": 31
        }
      }
    }
  },
  "overgeneration": {
    "example_level": {
      "overall": {
        "precision": 0.7716535433070866,
        "recall": 1.0,
        "f1": 0.8711111111111111,
        "tp": 98,
        "fp": 29,
        "fn": 0,
        "n": 129,
        "n_positive": 98
      },
      "by_type": {
        "overgeneration": {
          "precision": 1.0,
          "recall": 1.0,
          "f1": 1.0,
          "tp": 98,
          "fp": 0,
          "fn": 0,
          "n": 98,
          "n_positive": 98
        },
        "clean": {
          "precision": 0.0,
          "recall": 0.0,
          "f1": 0.0,
          "tp": 0,
          "fp": 29,
          "fn": 0,
          "n": 31,
          "n_positive": 0
        }
      }
    },
    "span_level": {
      "overall": {
        "precision": 0.31422845691382767,
        "recall": 0.8916328188464663,
        "f1": 0.46469093988145643,
        "tp": 10976,
        "fp": 23954,
        "fn": 1334,
        "n": 129
      },
      "by_type": {
        "overgeneration": {
          "precision": 0.35651411309968495,
          "recall": 0.8916328188464663,
          "f1": 0.5093626006450566,
          "tp": 10976,
          "fp": 19811,
          "fn": 1334,
          "n": 98
        },
        "clean": {
          "precision": 0.0,
          "recall": 0.0,
          "f1": 0.0,
          "tp": 0,
          "fp": 4143,
          "fn": 0,
          "n": 31
        }
      }
    }
  }
}