{
  "combined": {
    "example_level": {
      "overall": {
        "precision": 0.8787878787878788,
        "recall": 0.9950980392156863,
        "f1": 0.9333333333333332,
        "tp": 203,
        "fp": 28,
        "fn": 1,
        "n": 235,
        "n_positive": 204
      },
      "by_type": {
        "overgeneration": {
          "precision": 1.0,
          "recall": 1.0,
          "f1": 1.0,
          "tp": 98,
          "fp": 0,
          "fn": 0,
          "n": 98,
          "n_positive": 98
        },
        "missing_tool": {
          "precision": 1.0,
          "recall": 0.9857142857142858,
          "f1": 0.9928057553956835,
          "tp": 69,
          "fp": 0,
          "fn": 1,
          "n": 70,
          "n_positive": 70
        },
        "clean": {
          "precision": 0.0,
          "recall": 0.0,
          "f1": 0.0,
          "tp": 0,
          "fp": 28,
          "fn": 0,
          "n": 31,
          "n_positive": 0
        },
        "contradiction": {
          "precision": 1.0,
          "recall": 1.0,
          "f1": 1.0,
          "tp": 36,
          "fp": 0,
          "fn": 0,
          "n": 36,
          "n_positive": 36
        }
      }
    },
    "span_level": {
      "overall": {
        "precision": 0.1659288339458737,
        "recall": 0.7375618811881188,
        "f1": 0.27091099190835527,
        "tp": 11919,
        "fp": 59913,
        "fn": 4241,
        "n": 235
      },
      "by_type": {
        "overgeneration": {
          "precision": 0.23762032085561496,
          "recall": 0.7219333874898457,
          "f1": 0.3575538121102394,
          "tp": 8887,
          "fp": 28513,
          "fn": 3423,
          "n": 98
        },
        "missing_tool": {
          "precision": 0.1088594335441763,
          "recall": 0.7827346465816918,
          "f1": 0.19113641990591732,
          "tp": 2702,
          "fp": 22119,
          "fn": 750,
          "n": 70
        },
        "clean": {
          "precision": 0.0,
          "recall": 0.0,
          "f1": 0.0,
          "tp": 0,
          "fp": 4566,
          "fn": 0,
          "n": 31
        },
        "contradiction": {
          "precision": 0.06541129831516353,
          "recall": 0.8291457286432161,
          "f1": 0.12125665993018556,
          "tp": 330,
          "fp": 4715,
          "fn": 68,
          "n": 36
        }
      }
    }
  },
  "contradiction": {
    "example_level": {
      "overall": {
        "precision": 0.5625,
        "recall": 1.0,
        "f1": 0.72,
        "tp": 36,
        "fp": 28,
        "fn": 0,
        "n": 67,
        "n_positive": 36
      },
      "by_type": {
        "clean": {
          "precision": 0.0,
          "recall": 0.0,
          "f1": 0.0,
          "tp": 0,
          "fp": 28,
          "fn": 0,
          "n": 31,
          "n_positive": 0
        },
        "contradiction": {
          "precision": 1.0,
          "recall": 1.0,
          "f1": 1.0,
          "tp": 36,
          "fp": 0,
          "fn": 0,
          "n": 36,
          "n_positive": 36
        }
      }
    },
    "span_level": {
      "overall": {
        "precision": 0.03433565705961918,
        "recall": 0.8291457286432161,
        "f1": 0.06594065341192926,
        "tp": 330,
        "fp": 9281,
        "fn": 68,
        "n": 67
      },
      "by_type": {
        "clean": {
          "precision": 0.0,
          "recall": 0.0,
          "f1": 0.0,
          "tp": 0,
          "fp": 4566,
          "fn": 0,
          "n": 31
        },
        "contradiction": {
          "precision": 0.06541129831516353,
          "recall": 0.8291457286432161,
          "f1": 0.12125665993018556,
          "tp": 330,
          "fp": 4715,
          "fn": 68,
          "n": 36
        }
      }
    }
  },
  "missing_tool": {
    "example_level": {
      "overall": {
        "precision": 0.711340206185567,
        "recall": 0.9857142857142858,
        "f1": 0.8263473053892215,
        "tp": 69,
        "fp": 28,
        "fn": 1,
        "n": 101,
        "n_positive": 70
      },
      "by_type": {
        "missing_tool": {
          "precision": 1.0,
          "recall": 0.9857142857142858,
          "f1": 0.9928057553956835,
          "tp": 69,
          "fp": 0,
          "fn": 1,
          "n": 70,
          "n_positive": 70
        },
        "clean": {
          "precision": 0.0,
          "recall": 0.0,
          "f1": 0.0,
          "tp": 0,
          "fp": 28,
          "fn": 0,
          "n": 31,
          "n_positive": 0
        }
      }
    },
    "span_level": {
      "overall": {
        "precision": 0.09194541804199136,
        "recall": 0.7827346465816918,
        "f1": 0.16456043119461616,
        "tp": 2702,
        "fp": 26685,
        "fn": 750,
        "n": 101
      },
      "by_type": {
        "missing_tool": {
          "precision": 0.1088594335441763,
          "recall": 0.7827346465816918,
          "f1": 0.19113641990591732,
          "tp": 2702,
          "fp": 22119,
          "fn": 750,
          "n": 70
        },
        "clean": {
          "precision": 0.0,
          "recall": 0.0,
          "f1": 0.0,
          "tp": 0,
          "fp": 4566,
          "fn": 0,
          "n": 31
        }
      }
    }
  },
  "overgeneration": {
    "example_level": {
      "overall": {
        "precision": 0.7777777777777778,
        "recall": 1.0,
        "f1": 0.8750000000000001,
        "tp": 98,
        "fp": 28,
        "fn": 0,
        "n": 129,
        "n_positive": 98
      },
      "by_type": {
        "overgeneration": {
          "precision": 1.0,
          "recall": 1.0,
          "f1": 1.0,
          "tp": 98,
          "fp": 0,
          "fn": 0,
          "n": 98,
          "n_positive": 98
        },
        "clean": {
          "precision": 0.0,
          "recall": 0.0,
          "f1": 0.0,
          "tp": 0,
          "fp": 28,
          "fn": 0,
          "n": 31,
          "n_positive": 0
        }
      }
    },
    "span_level": {
      "overall": {
        "precision": 0.21176666825525425,
        "recall": 0.7219333874898457,
        "f1": 0.3274743901540276,
        "tp": 8887,
        "fp": 33079,
        "fn": 3423,
        "n": 129
      },
      "by_type": {
        "overgeneration": {
          "precision": 0.23762032085561496,
          "recall": 0.7219333874898457,
          "f1": 0.3575538121102394,
          "tp": 8887,
          "fp": 28513,
          "fn": 3423,
          "n": 98
        },
        "clean": {
          "precision": 0.0,
          "recall": 0.0,
          "f1": 0.0,
          "tp": 0,
          "fp": 4566,
          "fn": 0,
          "n": 31
        }
      }
    }
  }
}