{
  "combined": {
    "example_level": {
      "overall": {
        "precision": 0.8831168831168831,
        "recall": 1.0,
        "f1": 0.9379310344827586,
        "tp": 204,
        "fp": 27,
        "fn": 0,
        "n": 235,
        "n_positive": 204
      },
      "by_type": {
        "overgeneration": {
          "precision": 1.0,
          "recall": 1.0,
          "f1": 1.0,
          "tp": 98,
          "fp": 0,
          "fn": 0,
          "n": 98,
          "n_positive": 98
        },
        "missing_tool": {
          "precision": 1.0,
          "recall": 1.0,
          "f1": 1.0,
          "tp": 70,
          "fp": 0,
          "fn": 0,
          "n": 70,
          "n_positive": 70
        },
        "clean": {
          "precision": 0.0,
          "recall": 0.0,
          "f1": 0.0,
          "tp": 0,
          "fp": 27,
          "fn": 0,
          "n": 31,
          "n_positive": 0
        },
        "contradiction": {
          "precision": 1.0,
          "recall": 1.0,
          "f1": 1.0,
          "tp": 36,
          "fp": 0,
          "fn": 0,
          "n": 36,
          "n_positive": 36
        }
      }
    },
    "span_level": {
      "overall": {
        "precision": 0.33666366185897434,
        "recall": 0.8319925742574258,
        "f1": 0.4793568168853394,
        "tp": 13445,
        "fp": 26491,
        "fn": 2715,
        "n": 235
      },
      "by_type": {
        "overgeneration": {
          "precision": 0.47248335291813554,
          "recall": 0.7839155158407799,
          "f1": 0.589601026455673,
          "tp": 9650,
          "fp": 10774,
          "fn": 2660,
          "n": 98
        },
        "missing_tool": {
          "precision": 0.2693118800281184,
          "recall": 0.9988412514484357,
          "f1": 0.424238695785912,
          "tp": 3448,
          "fp": 9355,
          "fn": 4,
          "n": 70
        },
        "clean": {
          "precision": 0.0,
          "recall": 0.0,
          "f1": 0.0,
          "tp": 0,
          "fp": 2477,
          "fn": 0,
          "n": 31
        },
        "contradiction": {
          "precision": 0.08199432892249528,
          "recall": 0.871859296482412,
          "f1": 0.14989200863930885,
          "tp": 347,
          "fp": 3885,
          "fn": 51,
          "n": 36
        }
      }
    }
  },
  "contradiction": {
    "example_level": {
      "overall": {
        "precision": 0.5714285714285714,
        "recall": 1.0,
        "f1": 0.7272727272727273,
        "tp": 36,
        "fp": 27,
        "fn": 0,
        "n": 67,
        "n_positive": 36
      },
      "by_type": {
        "clean": {
          "precision": 0.0,
          "recall": 0.0,
          "f1": 0.0,
          "tp": 0,
          "fp": 27,
          "fn": 0,
          "n": 31,
          "n_positive": 0
        },
        "contradiction": {
          "precision": 1.0,
          "recall": 1.0,
          "f1": 1.0,
          "tp": 36,
          "fp": 0,
          "fn": 0,
          "n": 36,
          "n_positive": 36
        }
      }
    },
    "span_level": {
      "overall": {
        "precision": 0.051721568042927414,
        "recall": 0.871859296482412,
        "f1": 0.09765020402420149,
        "tp": 347,
        "fp": 6362,
        "fn": 51,
        "n": 67
      },
      "by_type": {
        "clean": {
          "precision": 0.0,
          "recall": 0.0,
          "f1": 0.0,
          "tp": 0,
          "fp": 2477,
          "fn": 0,
          "n": 31
        },
        "contradiction": {
          "precision": 0.08199432892249528,
          "recall": 0.871859296482412,
          "f1": 0.14989200863930885,
          "tp": 347,
          "fp": 3885,
          "fn": 51,
          "n": 36
        }
      }
    }
  },
  "missing_tool": {
    "example_level": {
      "overall": {
        "precision": 0.7216494845360825,
        "recall": 1.0,
        "f1": 0.8383233532934131,
        "tp": 70,
        "fp": 27,
        "fn": 0,
        "n": 101,
        "n_positive": 70
      },
      "by_type": {
        "missing_tool": {
          "precision": 1.0,
          "recall": 1.0,
          "f1": 1.0,
          "tp": 70,
          "fp": 0,
          "fn": 0,
          "n": 70,
          "n_positive": 70
        },
        "clean": {
          "precision": 0.0,
          "recall": 0.0,
          "f1": 0.0,
          "tp": 0,
          "fp": 27,
          "fn": 0,
          "n": 31,
          "n_positive": 0
        }
      }
    },
    "span_level": {
      "overall": {
        "precision": 0.2256544502617801,
        "recall": 0.9988412514484357,
        "f1": 0.3681400811445654,
        "tp": 3448,
        "fp": 11832,
        "fn": 4,
        "n": 101
      },
      "by_type": {
        "missing_tool": {
          "precision": 0.2693118800281184,
          "recall": 0.9988412514484357,
          "f1": 0.424238695785912,
          "tp": 3448,
          "fp": 9355,
          "fn": 4,
          "n": 70
        },
        "clean": {
          "precision": 0.0,
          "recall": 0.0,
          "f1": 0.0,
          "tp": 0,
          "fp": 2477,
          "fn": 0,
          "n": 31
        }
      }
    }
  },
  "overgeneration": {
    "example_level": {
      "overall": {
        "precision": 0.784,
        "recall": 1.0,
        "f1": 0.8789237668161435,
        "tp": 98,
        "fp": 27,
        "fn": 0,
        "n": 129,
        "n_positive": 98
      },
      "by_type": {
        "overgeneration": {
          "precision": 1.0,
          "recall": 1.0,
          "f1": 1.0,
          "tp": 98,
          "fp": 0,
          "fn": 0,
          "n": 98,
          "n_positive": 98
        },
        "clean": {
          "precision": 0.0,
          "recall": 0.0,
          "f1": 0.0,
          "tp": 0,
          "fp": 27,
          "fn": 0,
          "n": 31,
          "n_positive": 0
        }
      }
    },
    "span_level": {
      "overall": {
        "precision": 0.4213789790838828,
        "recall": 0.7839155158407799,
        "f1": 0.5481241657436596,
        "tp": 9650,
        "fp": 13251,
        "fn": 2660,
        "n": 129
      },
      "by_type": {
        "overgeneration": {
          "precision": 0.47248335291813554,
          "recall": 0.7839155158407799,
          "f1": 0.589601026455673,
          "tp": 9650,
          "fp": 10774,
          "fn": 2660,
          "n": 98
        },
        "clean": {
          "precision": 0.0,
          "recall": 0.0,
          "f1": 0.0,
          "tp": 0,
          "fp": 2477,
          "fn": 0,
          "n": 31
        }
      }
    }
  }
}