{
  "combined": {
    "example_level": {
      "overall": {
        "precision": 0.908675799086758,
        "recall": 0.9754901960784313,
        "f1": 0.9408983451536643,
        "tp": 199,
        "fp": 20,
        "fn": 5,
        "n": 235,
        "n_positive": 204
      },
      "by_type": {
        "overgeneration": {
          "precision": 1.0,
          "recall": 0.9693877551020408,
          "f1": 0.9844559585492229,
          "tp": 95,
          "fp": 0,
          "fn": 3,
          "n": 98,
          "n_positive": 98
        },
        "missing_tool": {
          "precision": 1.0,
          "recall": 1.0,
          "f1": 1.0,
          "tp": 70,
          "fp": 0,
          "fn": 0,
          "n": 70,
          "n_positive": 70
        },
        "clean": {
          "precision": 0.0,
          "recall": 0.0,
          "f1": 0.0,
          "tp": 0,
          "fp": 20,
          "fn": 0,
          "n": 31,
          "n_positive": 0
        },
        "contradiction": {
          "precision": 1.0,
          "recall": 0.9444444444444444,
          "f1": 0.9714285714285714,
          "tp": 34,
          "fp": 0,
          "fn": 2,
          "n": 36,
          "n_positive": 36
        }
      }
    },
    "span_level": {
      "overall": {
        "precision": 0.3904888083118332,
        "recall": 0.693069306930693,
        "f1": 0.49953168904152356,
        "tp": 11200,
        "fp": 17482,
        "fn": 4960,
        "n": 235
      },
      "by_type": {
        "overgeneration": {
          "precision": 0.513276740237691,
          "recall": 0.6139723801787165,
          "f1": 0.5591270575180322,
          "tp": 7558,
          "fp": 7167,
          "fn": 4752,
          "n": 98
        },
        "missing_tool": {
          "precision": 0.3588203753351206,
          "recall": 0.9692931633835458,
          "f1": 0.5237536197855521,
          "tp": 3346,
          "fp": 5979,
          "fn": 106,
          "n": 70
        },
        "clean": {
          "precision": 0.0,
          "recall": 0.0,
          "f1": 0.0,
          "tp": 0,
          "fp": 1619,
          "fn": 0,
          "n": 31
        },
        "contradiction": {
          "precision": 0.09824095585794888,
          "recall": 0.7437185929648241,
          "f1": 0.17355614189387275,
          "tp": 296,
          "fp": 2717,
          "fn": 102,
          "n": 36
        }
      }
    }
  },
  "contradiction": {
    "example_level": {
      "overall": {
        "precision": 0.6296296296296297,
        "recall": 0.9444444444444444,
        "f1": 0.7555555555555556,
        "tp": 34,
        "fp": 20,
        "fn": 2,
        "n": 67,
        "n_positive": 36
      },
      "by_type": {
        "clean": {
          "precision": 0.0,
          "recall": 0.0,
          "f1": 0.0,
          "tp": 0,
          "fp": 20,
          "fn": 0,
          "n": 31,
          "n_positive": 0
        },
        "contradiction": {
          "precision": 1.0,
          "recall": 0.9444444444444444,
          "f1": 0.9714285714285714,
          "tp": 34,
          "fp": 0,
          "fn": 2,
          "n": 36,
          "n_positive": 36
        }
      }
    },
    "span_level": {
      "overall": {
        "precision": 0.06390328151986183,
        "recall": 0.7437185929648241,
        "f1": 0.11769383697813121,
        "tp": 296,
        "fp": 4336,
        "fn": 102,
        "n": 67
      },
      "by_type": {
        "clean": {
          "precision": 0.0,
          "recall": 0.0,
          "f1": 0.0,
          "tp": 0,
          "fp": 1619,
          "fn": 0,
          "n": 31
        },
        "contradiction": {
          "precision": 0.09824095585794888,
          "recall": 0.7437185929648241,
          "f1": 0.17355614189387275,
          "tp": 296,
          "fp": 2717,
          "fn": 102,
          "n": 36
        }
      }
    }
  },
  "missing_tool": {
    "example_level": {
      "overall": {
        "precision": 0.7777777777777778,
        "recall": 1.0,
        "f1": 0.8750000000000001,
        "tp": 70,
        "fp": 20,
        "fn": 0,
        "n": 101,
        "n_positive": 70
      },
      "by_type": {
        "missing_tool": {
          "precision": 1.0,
          "recall": 1.0,
          "f1": 1.0,
          "tp": 70,
          "fp": 0,
          "fn": 0,
          "n": 70,
          "n_positive": 70
        },
        "clean": {
          "precision": 0.0,
          "recall": 0.0,
          "f1": 0.0,
          "tp": 0,
          "fp": 20,
          "fn": 0,
          "n": 31,
          "n_positive": 0
        }
      }
    },
    "span_level": {
      "overall": {
        "precision": 0.3057383040935672,
        "recall": 0.9692931633835458,
        "f1": 0.4648513475965545,
        "tp": 3346,
        "fp": 7598,
        "fn": 106,
        "n": 101
      },
      "by_type": {
        "missing_tool": {
          "precision": 0.3588203753351206,
          "recall": 0.9692931633835458,
          "f1": 0.5237536197855521,
          "tp": 3346,
          "fp": 5979,
          "fn": 106,
          "n": 70
        },
        "clean": {
          "precision": 0.0,
          "recall": 0.0,
          "f1": 0.0,
          "tp": 0,
          "fp": 1619,
          "fn": 0,
          "n": 31
        }
      }
    }
  },
  "overgeneration": {
    "example_level": {
      "overall": {
        "precision": 0.8260869565217391,
        "recall": 0.9693877551020408,
        "f1": 0.8920187793427229,
        "tp": 95,
        "fp": 20,
        "fn": 3,
        "n": 129,
        "n_positive": 98
      },
      "by_type": {
        "overgeneration": {
          "precision": 1.0,
          "recall": 0.9693877551020408,
          "f1": 0.9844559585492229,
          "tp": 95,
          "fp": 0,
          "fn": 3,
          "n": 98,
          "n_positive": 98
        },
        "clean": {
          "precision": 0.0,
          "recall": 0.0,
          "f1": 0.0,
          "tp": 0,
          "fp": 20,
          "fn": 0,
          "n": 31,
          "n_positive": 0
        }
      }
    },
    "span_level": {
      "overall": {
        "precision": 0.4624326970141948,
        "recall": 0.6139723801787165,
        "f1": 0.5275354226286034,
        "tp": 7558,
        "fp": 8786,
        "fn": 4752,
        "n": 129
      },
      "by_type": {
        "overgeneration": {
          "precision": 0.513276740237691,
          "recall": 0.6139723801787165,
          "f1": 0.5591270575180322,
          "tp": 7558,
          "fp": 7167,
          "fn": 4752,
          "n": 98
        },
        "clean": {
          "precision": 0.0,
          "recall": 0.0,
          "f1": 0.0,
          "tp": 0,
          "fp": 1619,
          "fn": 0,
          "n": 31
        }
      }
    }
  }
}