{
  "combined": {
    "example_level": {
      "overall": {
        "precision": 0.8680851063829788,
        "recall": 1.0,
        "f1": 0.9293849658314352,
        "tp": 204,
        "fp": 31,
        "fn": 0,
        "n": 235,
        "n_positive": 204
      },
      "by_type": {
        "overgeneration": {
          "precision": 1.0,
          "recall": 1.0,
          "f1": 1.0,
          "tp": 98,
          "fp": 0,
          "fn": 0,
          "n": 98,
          "n_positive": 98
        },
        "missing_tool": {
          "precision": 1.0,
          "recall": 1.0,
          "f1": 1.0,
          "tp": 70,
          "fp": 0,
          "fn": 0,
          "n": 70,
          "n_positive": 70
        },
        "clean": {
          "precision": 0.0,
          "recall": 0.0,
          "f1": 0.0,
          "tp": 0,
          "fp": 31,
          "fn": 0,
          "n": 31,
          "n_positive": 0
        },
        "contradiction": {
          "precision": 1.0,
          "recall": 1.0,
          "f1": 1.0,
          "tp": 36,
          "fp": 0,
          "fn": 0,
          "n": 36,
          "n_positive": 36
        }
      }
    },
    "span_level": {
      "overall": {
        "precision": 0.12882344390001968,
        "recall": 0.932240099009901,
        "f1": 0.22636604734679158,
        "tp": 15065,
        "fp": 101878,
        "fn": 1095,
        "n": 235
      },
      "by_type": {
        "overgeneration": {
          "precision": 0.19049703663793102,
          "recall": 0.9190901705930138,
          "f1": 0.31558394465984213,
          "tp": 11314,
          "fp": 48078,
          "fn": 996,
          "n": 98
        },
        "missing_tool": {
          "precision": 0.08769732550554468,
          "recall": 0.973638470451912,
          "f1": 0.16090193168489839,
          "tp": 3361,
          "fp": 34964,
          "fn": 91,
          "n": 70
        },
        "clean": {
          "precision": 0.0,
          "recall": 0.0,
          "f1": 0.0,
          "tp": 0,
          "fp": 7813,
          "fn": 0,
          "n": 31
        },
        "contradiction": {
          "precision": 0.03417155874879523,
          "recall": 0.9798994974874372,
          "f1": 0.06604013208026416,
          "tp": 390,
          "fp": 11023,
          "fn": 8,
          "n": 36
        }
      }
    }
  },
  "contradiction": {
    "example_level": {
      "overall": {
        "precision": 0.5373134328358209,
        "recall": 1.0,
        "f1": 0.6990291262135923,
        "tp": 36,
        "fp": 31,
        "fn": 0,
        "n": 67,
        "n_positive": 36
      },
      "by_type": {
        "clean": {
          "precision": 0.0,
          "recall": 0.0,
          "f1": 0.0,
          "tp": 0,
          "fp": 31,
          "fn": 0,
          "n": 31,
          "n_positive": 0
        },
        "contradiction": {
          "precision": 1.0,
          "recall": 1.0,
          "f1": 1.0,
          "tp": 36,
          "fp": 0,
          "fn": 0,
          "n": 36,
          "n_positive": 36
        }
      }
    },
    "span_level": {
      "overall": {
        "precision": 0.020285030687610527,
        "recall": 0.9798994974874372,
        "f1": 0.03974724826742764,
        "tp": 390,
        "fp": 18836,
        "fn": 8,
        "n": 67
      },
      "by_type": {
        "clean": {
          "precision": 0.0,
          "recall": 0.0,
          "f1": 0.0,
          "tp": 0,
          "fp": 7813,
          "fn": 0,
          "n": 31
        },
        "contradiction": {
          "precision": 0.03417155874879523,
          "recall": 0.9798994974874372,
          "f1": 0.06604013208026416,
          "tp": 390,
          "fp": 11023,
          "fn": 8,
          "n": 36
        }
      }
    }
  },
  "missing_tool": {
    "example_level": {
      "overall": {
        "precision": 0.693069306930693,
        "recall": 1.0,
        "f1": 0.8187134502923976,
        "tp": 70,
        "fp": 31,
        "fn": 0,
        "n": 101,
        "n_positive": 70
      },
      "by_type": {
        "missing_tool": {
          "precision": 1.0,
          "recall": 1.0,
          "f1": 1.0,
          "tp": 70,
          "fp": 0,
          "fn": 0,
          "n": 70,
          "n_positive": 70
        },
        "clean": {
          "precision": 0.0,
          "recall": 0.0,
          "f1": 0.0,
          "tp": 0,
          "fp": 31,
          "fn": 0,
          "n": 31,
          "n_positive": 0
        }
      }
    },
    "span_level": {
      "overall": {
        "precision": 0.07284667735922667,
        "recall": 0.973638470451912,
        "f1": 0.13555152248437188,
        "tp": 3361,
        "fp": 42777,
        "fn": 91,
        "n": 101
      },
      "by_type": {
        "missing_tool": {
          "precision": 0.08769732550554468,
          "recall": 0.973638470451912,
          "f1": 0.16090193168489839,
          "tp": 3361,
          "fp": 34964,
          "fn": 91,
          "n": 70
        },
        "clean": {
          "precision": 0.0,
          "recall": 0.0,
          "f1": 0.0,
          "tp": 0,
          "fp": 7813,
          "fn": 0,
          "n": 31
        }
      }
    }
  },
  "overgeneration": {
    "example_level": {
      "overall": {
        "precision": 0.7596899224806202,
        "recall": 1.0,
        "f1": 0.8634361233480177,
        "tp": 98,
        "fp": 31,
        "fn": 0,
        "n": 129,
        "n_positive": 98
      },
      "by_type": {
        "overgeneration": {
          "precision": 1.0,
          "recall": 1.0,
          "f1": 1.0,
          "tp": 98,
          "fp": 0,
          "fn": 0,
          "n": 98,
          "n_positive": 98
        },
        "clean": {
          "precision": 0.0,
          "recall": 0.0,
          "f1": 0.0,
          "tp": 0,
          "fp": 31,
          "fn": 0,
          "n": 31,
          "n_positive": 0
        }
      }
    },
    "span_level": {
      "overall": {
        "precision": 0.1683505691540808,
        "recall": 0.9190901705930138,
        "f1": 0.2845752373765956,
        "tp": 11314,
        "fp": 55891,
        "fn": 996,
        "n": 129
      },
      "by_type": {
        "overgeneration": {
          "precision": 0.19049703663793102,
          "recall": 0.9190901705930138,
          "f1": 0.31558394465984213,
          "tp": 11314,
          "fp": 48078,
          "fn": 996,
          "n": 98
        },
        "clean": {
          "precision": 0.0,
          "recall": 0.0,
          "f1": 0.0,
          "tp": 0,
          "fp": 7813,
          "fn": 0,
          "n": 31
        }
      }
    }
  }
}