{
  "combined": {
    "example_level": {
      "overall": {
        "precision": 0.8782608695652174,
        "recall": 0.9901960784313726,
        "f1": 0.9308755760368664,
        "tp": 202,
        "fp": 28,
        "fn": 2,
        "n": 235
      },
      "by_type": {
        "overgeneration": {
          "precision": 1.0,
          "recall": 0.9897959183673469,
          "f1": 0.9948717948717948,
          "tp": 97,
          "fp": 0,
          "fn": 1,
          "n": 98
        },
        "missing_tool": {
          "precision": 1.0,
          "recall": 1.0,
          "f1": 1.0,
          "tp": 70,
          "fp": 0,
          "fn": 0,
          "n": 70
        },
        "clean": {
          "precision": 0.0,
          "recall": 0.0,
          "f1": 0.0,
          "tp": 0,
          "fp": 28,
          "fn": 0,
          "n": 31
        },
        "contradiction": {
          "precision": 1.0,
          "recall": 0.9722222222222222,
          "f1": 0.9859154929577464,
          "tp": 35,
          "fp": 0,
          "fn": 1,
          "n": 36
        }
      }
    },
    "sentence_level": {
      "overall": {
        "precision": 0.20086206896551725,
        "recall": 0.8597785977859779,
        "f1": 0.3256464011180992,
        "tp": 233,
        "fp": 927,
        "fn": 38,
        "n": 1958
      },
      "by_type": {
        "overgeneration": {
          "precision": 0.22916666666666666,
          "recall": 0.8,
          "f1": 0.3562753036437247,
          "tp": 132,
          "fp": 444,
          "fn": 33,
          "n": 942
        },
        "missing_tool": {
          "precision": 0.17336683417085427,
          "recall": 0.9857142857142858,
          "f1": 0.2948717948717949,
          "tp": 69,
          "fp": 329,
          "fn": 1,
          "n": 607
        },
        "clean": {
          "precision": 0.0,
          "recall": 0.0,
          "f1": 0.0,
          "tp": 0,
          "fp": 79,
          "fn": 0,
          "n": 114
        },
        "contradiction": {
          "precision": 0.29906542056074764,
          "recall": 0.8888888888888888,
          "f1": 0.44755244755244755,
          "tp": 32,
          "fp": 75,
          "fn": 4,
          "n": 295
        }
      }
    },
    "span_level": {
      "overall": {
        "precision": 0.14227407569633863,
        "recall": 0.8844059405940594,
        "f1": 0.24511636681702026,
        "tp": 14292,
        "fp": 86162,
        "fn": 1868,
        "n": 235
      },
      "by_type": {
        "overgeneration": {
          "precision": 0.20839592062613646,
          "recall": 0.8565393988627132,
          "f1": 0.33523034368740656,
          "tp": 10544,
          "fp": 40052,
          "fn": 1766,
          "n": 98
        },
        "missing_tool": {
          "precision": 0.09980355938663617,
          "recall": 0.9860950173812283,
          "f1": 0.1812614819350888,
          "tp": 3404,
          "fp": 30703,
          "fn": 48,
          "n": 70
        },
        "clean": {
          "precision": 0.0,
          "recall": 0.0,
          "f1": 0.0,
          "tp": 0,
          "fp": 7219,
          "fn": 0,
          "n": 31
        },
        "contradiction": {
          "precision": 0.0403187998124707,
          "recall": 0.864321608040201,
          "f1": 0.07704367301231803,
          "tp": 344,
          "fp": 8188,
          "fn": 54,
          "n": 36
        }
      }
    }
  },
  "contradiction": {
    "example_level": {
      "overall": {
        "precision": 0.5555555555555556,
        "recall": 0.9722222222222222,
        "f1": 0.7070707070707072,
        "tp": 35,
        "fp": 28,
        "fn": 1,
        "n": 67
      },
      "by_type": {
        "clean": {
          "precision": 0.0,
          "recall": 0.0,
          "f1": 0.0,
          "tp": 0,
          "fp": 28,
          "fn": 0,
          "n": 31
        },
        "contradiction": {
          "precision": 1.0,
          "recall": 0.9722222222222222,
          "f1": 0.9859154929577464,
          "tp": 35,
          "fp": 0,
          "fn": 1,
          "n": 36
        }
      }
    },
    "sentence_level": {
      "overall": {
        "precision": 0.17204301075268819,
        "recall": 0.8888888888888888,
        "f1": 0.2882882882882883,
        "tp": 32,
        "fp": 154,
        "fn": 4,
        "n": 409
      },
      "by_type": {
        "clean": {
          "precision": 0.0,
          "recall": 0.0,
          "f1": 0.0,
          "tp": 0,
          "fp": 79,
          "fn": 0,
          "n": 114
        },
        "contradiction": {
          "precision": 0.29906542056074764,
          "recall": 0.8888888888888888,
          "f1": 0.44755244755244755,
          "tp": 32,
          "fp": 75,
          "fn": 4,
          "n": 295
        }
      }
    },
    "span_level": {
      "overall": {
        "precision": 0.021839883182020188,
        "recall": 0.864321608040201,
        "f1": 0.042603257167626474,
        "tp": 344,
        "fp": 15407,
        "fn": 54,
        "n": 67
      },
      "by_type": {
        "clean": {
          "precision": 0.0,
          "recall": 0.0,
          "f1": 0.0,
          "tp": 0,
          "fp": 7219,
          "fn": 0,
          "n": 31
        },
        "contradiction": {
          "precision": 0.0403187998124707,
          "recall": 0.864321608040201,
          "f1": 0.07704367301231803,
          "tp": 344,
          "fp": 8188,
          "fn": 54,
          "n": 36
        }
      }
    }
  },
  "missing_tool": {
    "example_level": {
      "overall": {
        "precision": 0.7142857142857143,
        "recall": 1.0,
        "f1": 0.8333333333333333,
        "tp": 70,
        "fp": 28,
        "fn": 0,
        "n": 101
      },
      "by_type": {
        "missing_tool": {
          "precision": 1.0,
          "recall": 1.0,
          "f1": 1.0,
          "tp": 70,
          "fp": 0,
          "fn": 0,
          "n": 70
        },
        "clean": {
          "precision": 0.0,
          "recall": 0.0,
          "f1": 0.0,
          "tp": 0,
          "fp": 28,
          "fn": 0,
          "n": 31
        }
      }
    },
    "sentence_level": {
      "overall": {
        "precision": 0.14465408805031446,
        "recall": 0.9857142857142858,
        "f1": 0.2522851919561243,
        "tp": 69,
        "fp": 408,
        "fn": 1,
        "n": 721
      },
      "by_type": {
        "missing_tool": {
          "precision": 0.17336683417085427,
          "recall": 0.9857142857142858,
          "f1": 0.2948717948717949,
          "tp": 69,
          "fp": 329,
          "fn": 1,
          "n": 607
        },
        "clean": {
          "precision": 0.0,
          "recall": 0.0,
          "f1": 0.0,
          "tp": 0,
          "fp": 79,
          "fn": 0,
          "n": 114
        }
      }
    },
    "span_level": {
      "overall": {
        "precision": 0.08236945264482408,
        "recall": 0.9860950173812283,
        "f1": 0.15203894769753004,
        "tp": 3404,
        "fp": 37922,
        "fn": 48,
        "n": 101
      },
      "by_type": {
        "missing_tool": {
          "precision": 0.09980355938663617,
          "recall": 0.9860950173812283,
          "f1": 0.1812614819350888,
          "tp": 3404,
          "fp": 30703,
          "fn": 48,
          "n": 70
        },
        "clean": {
          "precision": 0.0,
          "recall": 0.0,
          "f1": 0.0,
          "tp": 0,
          "fp": 7219,
          "fn": 0,
          "n": 31
        }
      }
    }
  },
  "overgeneration": {
    "example_level": {
      "overall": {
        "precision": 0.776,
        "recall": 0.9897959183673469,
        "f1": 0.8699551569506727,
        "tp": 97,
        "fp": 28,
        "fn": 1,
        "n": 129
      },
      "by_type": {
        "overgeneration": {
          "precision": 1.0,
          "recall": 0.9897959183673469,
          "f1": 0.9948717948717948,
          "tp": 97,
          "fp": 0,
          "fn": 1,
          "n": 98
        },