{
  "combined": {
    "example_level": {
      "overall": {
        "precision": 0.9791666666666666,
        "recall": 0.9215686274509803,
        "f1": 0.9494949494949494,
        "tp": 188,
        "fp": 4,
        "fn": 16,
        "n": 235
      },
      "by_type": {
        "overgeneration": {
          "precision": 1.0,
          "recall": 0.9081632653061225,
          "f1": 0.9518716577540107,
          "tp": 89,
          "fp": 0,
          "fn": 9,
          "n": 98
        },
        "missing_tool": {
          "precision": 1.0,
          "recall": 1.0,
          "f1": 1.0,
          "tp": 70,
          "fp": 0,
          "fn": 0,
          "n": 70
        },
        "clean": {
          "precision": 0.0,
          "recall": 0.0,
          "f1": 0.0,
          "tp": 0,
          "fp": 4,
          "fn": 0,
          "n": 31
        },
        "contradiction": {
          "precision": 1.0,
          "recall": 0.8055555555555556,
          "f1": 0.8923076923076924,
          "tp": 29,
          "fp": 0,
          "fn": 7,
          "n": 36
        }
      }
    },
    "sentence_level": {
      "overall": {
        "precision": 0.8695652173913043,
        "recall": 0.7380073800738007,
        "f1": 0.7984031936127745,
        "tp": 200,
        "fp": 30,
        "fn": 71,
        "n": 1958
      },
      "by_type": {
        "overgeneration": {
          "precision": 0.8416666666666667,
          "recall": 0.6121212121212121,
          "f1": 0.7087719298245614,
          "tp": 101,
          "fp": 19,
          "fn": 64,
          "n": 942
        },
        "missing_tool": {
          "precision": 1.0,
          "recall": 1.0,
          "f1": 1.0,
          "tp": 70,
          "fp": 0,
          "fn": 0,
          "n": 607
        },
        "clean": {
          "precision": 0.0,
          "recall": 0.0,
          "f1": 0.0,
          "tp": 0,
          "fp": 5,
          "fn": 0,
          "n": 114
        },
        "contradiction": {
          "precision": 0.8285714285714286,
          "recall": 0.8055555555555556,
          "f1": 0.8169014084507044,
          "tp": 29,
          "fp": 6,
          "fn": 7,
          "n": 295
        }
      }
    },
    "span_level": {
      "overall": {
        "precision": 0.8841968117719191,
        "recall": 0.7139232673267327,
        "f1": 0.7899890440975076,
        "tp": 11537,
        "fp": 1511,
        "fn": 4623,
        "n": 235
      },
      "by_type": {
        "overgeneration": {
          "precision": 0.8975508796136599,
          "recall": 0.6341186027619822,
          "f1": 0.7431808444804113,
          "tp": 7806,
          "fp": 891,
          "fn": 4504,
          "n": 98
        },
        "missing_tool": {
          "precision": 0.9801192842942346,
          "recall": 0.9997103128621089,
          "f1": 0.9898178689229885,
          "tp": 3451,
          "fp": 70,
          "fn": 1,
          "n": 70
        },
        "clean": {
          "precision": 0.0,
          "recall": 0.0,
          "f1": 0.0,
          "tp": 0,
          "fp": 293,
          "fn": 0,
          "n": 31
        },
        "contradiction": {
          "precision": 0.521415270018622,
          "recall": 0.7035175879396985,
          "f1": 0.5989304812834225,
          "tp": 280,
          "fp": 257,
          "fn": 118,
          "n": 36
        }
      }
    }
  },
  "contradiction": {
    "example_level": {
      "overall": {
        "precision": 0.8787878787878788,
        "recall": 0.8055555555555556,
        "f1": 0.8405797101449276,
        "tp": 29,
        "fp": 4,
        "fn": 7,
        "n": 67
      },
      "by_type": {
        "clean": {
          "precision": 0.0,
          "recall": 0.0,
          "f1": 0.0,
          "tp": 0,
          "fp": 4,
          "fn": 0,
          "n": 31
        },
        "contradiction": {
          "precision": 1.0,
          "recall": 0.8055555555555556,
          "f1": 0.8923076923076924,
          "tp": 29,
          "fp": 0,
          "fn": 7,
          "n": 36
        }
      }
    },
    "sentence_level": {
      "overall": {
        "precision": 0.725,
        "recall": 0.8055555555555556,
        "f1": 0.7631578947368423,
        "tp": 29,
        "fp": 11,
        "fn": 7,
        "n": 409
      },
      "by_type": {
        "clean": {
          "precision": 0.0,
          "recall": 0.0,
          "f1": 0.0,
          "tp": 0,
          "fp": 5,
          "fn": 0,
          "n": 114
        },
        "contradiction": {
          "precision": 0.8285714285714286,
          "recall": 0.8055555555555556,
          "f1": 0.8169014084507044,
          "tp": 29,
          "fp": 6,
          "fn": 7,
          "n": 295
        }
      }
    },
    "span_level": {
      "overall": {
        "precision": 0.3373493975903614,
        "recall": 0.7035175879396985,
        "f1": 0.45602605863192175,
        "tp": 280,
        "fp": 550,
        "fn": 118,
        "n": 67
      },
      "by_type": {
        "clean": {
          "precision": 0.0,
          "recall": 0.0,
          "f1": 0.0,
          "tp": 0,
          "fp": 293,
          "fn": 0,
          "n": 31
        },
        "contradiction": {
          "precision": 0.521415270018622,
          "recall": 0.7035175879396985,
          "f1": 0.5989304812834225,
          "tp": 280,
          "fp": 257,
          "fn": 118,
          "n": 36
        }
      }
    }
  },
  "missing_tool": {
    "example_level": {
      "overall": {
        "precision": 0.9459459459459459,
        "recall": 1.0,
        "f1": 0.9722222222222222,
        "tp": 70,
        "fp": 4,
        "fn": 0,
        "n": 101
      },
      "by_type": {
        "missing_tool": {
          "precision": 1.0,
          "recall": 1.0,
          "f1": 1.0,
          "tp": 70,
          "fp": 0,
          "fn": 0,
          "n": 70
        },
        "clean": {
          "precision": 0.0,
          "recall": 0.0,
          "f1": 0.0,
          "tp": 0,
          "fp": 4,
          "fn": 0,
          "n": 31
        }
      }
    },
    "sentence_level": {
      "overall": {
        "precision": 0.9333333333333333,
        "recall": 1.0,
        "f1": 0.9655172413793104,
        "tp": 70,
        "fp": 5,
        "fn": 0,
        "n": 721
      },
      "by_type": {
        "missing_tool": {
          "precision": 1.0,
          "recall": 1.0,
          "f1": 1.0,
          "tp": 70,
          "fp": 0,
          "fn": 0,
          "n": 607
        },
        "clean": {
          "precision": 0.0,
          "recall": 0.0,
          "f1": 0.0,
          "tp": 0,
          "fp": 5,
          "fn": 0,
          "n": 114
        }
      }
    },
    "span_level": {
      "overall": {
        "precision": 0.9048243314105926,
        "recall": 0.9997103128621089,
        "f1": 0.94990366088632,
        "tp": 3451,
        "fp": 363,
        "fn": 1,
        "n": 101
      },
      "by_type": {
        "missing_tool": {
          "precision": 0.9801192842942346,
          "recall": 0.9997103128621089,
          "f1": 0.9898178689229885,
          "tp": 3451,
          "fp": 70,
          "fn": 1,
          "n": 70
        },
        "clean": {
          "precision": 0.0,
          "recall": 0.0,
          "f1": 0.0,
          "tp": 0,
          "fp": 293,
          "fn": 0,
          "n": 31
        }
      }
    }
  },
  "overgeneration": {
    "example_level": {
      "overall": {
        "precision": 0.956989247311828,
        "recall": 0.9081632653061225,
        "f1": 0.9319371727748691,
        "tp": 89,
        "fp": 4,
        "fn": 9,
        "n": 129
      },
      "by_type": {
        "overgeneration": {
          "precision": 1.0,
          "recall": 0.9081632653061225,
          "f1": 0.9518716577540107,
          "tp": 89,
          "fp": 0,
          "fn": 9,
          "n": 98
        },
        "clean": {
          "precision": 0.0,
          "recall": 0.0,
          "f1": 0.0,
          "tp": 0,
          "fp": 4,
          "fn": 0,