{
  "combined": {
    "example_level": {
      "overall": {
        "precision": 0.9234449760765551,
        "recall": 0.946078431372549,
        "f1": 0.9346246973365617,
        "tp": 193,
        "fp": 16,
        "fn": 11,
        "n": 235,
        "n_positive": 204
      },
      "by_type": {
        "overgeneration": {
          "precision": 1.0,
          "recall": 0.9591836734693877,
          "f1": 0.9791666666666666,
          "tp": 94,
          "fp": 0,
          "fn": 4,
          "n": 98,
          "n_positive": 98
        },
        "missing_tool": {
          "precision": 1.0,
          "recall": 0.9857142857142858,
          "f1": 0.9928057553956835,
          "tp": 69,
          "fp": 0,
          "fn": 1,
          "n": 70,
          "n_positive": 70
        },
        "clean": {
          "precision": 0.0,
          "recall": 0.0,
          "f1": 0.0,
          "tp": 0,
          "fp": 16,
          "fn": 0,
          "n": 31,
          "n_positive": 0
        },
        "contradiction": {
          "precision": 1.0,
          "recall": 0.8333333333333334,
          "f1": 0.9090909090909091,
          "tp": 30,
          "fp": 0,
          "fn": 6,
          "n": 36,
          "n_positive": 36
        }
      }
    },
    "span_level": {
      "overall": {
        "precision": 0.17716120019616877,
        "recall": 0.7376856435643564,
        "f1": 0.28570743807595056,
        "tp": 11921,
        "fp": 55368,
        "fn": 4239,
        "n": 235
      },
      "by_type": {
        "overgeneration": {
          "precision": 0.22837946788497715,
          "recall": 0.6903330625507718,
          "f1": 0.3432148626817447,
          "tp": 8498,
          "fp": 28712,
          "fn": 3812,
          "n": 98
        },
        "missing_tool": {
          "precision": 0.1339015555082037,
          "recall": 0.910196987253766,
          "f1": 0.23345840918378724,
          "tp": 3142,
          "fp": 20323,
          "fn": 310,
          "n": 70
        },
        "clean": {
          "precision": 0.0,
          "recall": 0.0,
          "f1": 0.0,
          "tp": 0,
          "fp": 3189,
          "fn": 0,
          "n": 31
        },
        "contradiction": {
          "precision": 0.08204379562043795,
          "recall": 0.7060301507537688,
          "f1": 0.14700496991891185,
          "tp": 281,
          "fp": 3144,
          "fn": 117,
          "n": 36
        }
      }
    }
  },
  "contradiction": {
    "example_level": {
      "overall": {
        "precision": 0.6521739130434783,
        "recall": 0.8333333333333334,
        "f1": 0.7317073170731708,
        "tp": 30,
        "fp": 16,
        "fn": 6,
        "n": 67,
        "n_positive": 36
      },
      "by_type": {
        "clean": {
          "precision": 0.0,
          "recall": 0.0,
          "f1": 0.0,
          "tp": 0,
          "fp": 16,
          "fn": 0,
          "n": 31,
          "n_positive": 0
        },
        "contradiction": {
          "precision": 1.0,
          "recall": 0.8333333333333334,
          "f1": 0.9090909090909091,
          "tp": 30,
          "fp": 0,
          "fn": 6,
          "n": 36,
          "n_positive": 36
        }
      }
    },
    "span_level": {
      "overall": {
        "precision": 0.042485636528575746,
        "recall": 0.7060301507537688,
        "f1": 0.08014831717056474,
        "tp": 281,
        "fp": 6333,
        "fn": 117,
        "n": 67
      },
      "by_type": {
        "clean": {
          "precision": 0.0,
          "recall": 0.0,
          "f1": 0.0,
          "tp": 0,
          "fp": 3189,
          "fn": 0,
          "n": 31
        },
        "contradiction": {
          "precision": 0.08204379562043795,
          "recall": 0.7060301507537688,
          "f1": 0.14700496991891185,
          "tp": 281,
          "fp": 3144,
          "fn": 117,
          "n": 36
        }
      }
    }
  },
  "missing_tool": {
    "example_level": {
      "overall": {
        "precision": 0.8117647058823529,
        "recall": 0.9857142857142858,
        "f1": 0.8903225806451613,
        "tp": 69,
        "fp": 16,
        "fn": 1,
        "n": 101,
        "n_positive": 70
      },
      "by_type": {
        "missing_tool": {
          "precision": 1.0,
          "recall": 0.9857142857142858,
          "f1": 0.9928057553956835,
          "tp": 69,
          "fp": 0,
          "fn": 1,
          "n": 70,
          "n_positive": 70
        },
        "clean": {
          "precision": 0.0,
          "recall": 0.0,
          "f1": 0.0,
          "tp": 0,
          "fp": 16,
          "fn": 0,
          "n": 31,
          "n_positive": 0
        }
      }
    },
    "span_level": {
      "overall": {
        "precision": 0.11788099347189915,
        "recall": 0.910196987253766,
        "f1": 0.20872915697867536,
        "tp": 3142,
        "fp": 23512,
        "fn": 310,
        "n": 101
      },
      "by_type": {
        "missing_tool": {
          "precision": 0.1339015555082037,
          "recall": 0.910196987253766,
          "f1": 0.23345840918378724,
          "tp": 3142,
          "fp": 20323,
          "fn": 310,
          "n": 70
        },
        "clean": {
          "precision": 0.0,
          "recall": 0.0,
          "f1": 0.0,
          "tp": 0,
          "fp": 3189,
          "fn": 0,
          "n": 31
        }
      }
    }
  },
  "overgeneration": {
    "example_level": {
      "overall": {
        "precision": 0.8545454545454545,
        "recall": 0.9591836734693877,
        "f1": 0.9038461538461537,
        "tp": 94,
        "fp": 16,
        "fn": 4,
        "n": 129,
        "n_positive": 98
      },
      "by_type": {
        "overgeneration": {
          "precision": 1.0,
          "recall": 0.9591836734693877,
          "f1": 0.9791666666666666,
          "tp": 94,
          "fp": 0,
          "fn": 4,
          "n": 98,
          "n_positive": 98
        },
        "clean": {
          "precision": 0.0,
          "recall": 0.0,
          "f1": 0.0,
          "tp": 0,
          "fp": 16,
          "fn": 0,
          "n": 31,
          "n_positive": 0
        }
      }
    },
    "span_level": {
      "overall": {
        "precision": 0.2103517413797371,
        "recall": 0.6903330625507718,
        "f1": 0.3224496765258305,
        "tp": 8498,
        "fp": 31901,
        "fn": 3812,
        "n": 129
      },
      "by_type": {
        "overgeneration": {
          "precision": 0.22837946788497715,
          "recall": 0.6903330625507718,
          "f1": 0.3432148626817447,
          "tp": 8498,
          "fp": 28712,
          "fn": 3812,
          "n": 98
        },
        "clean": {
          "precision": 0.0,
          "recall": 0.0,
          "f1": 0.0,
          "tp": 0,
          "fp": 3189,
          "fn": 0,
          "n": 31
        }
      }
    }
  }
}