{
  "combined": {
    "example_level": {
      "overall": {
        "precision": 0.9219512195121952,
        "recall": 0.9264705882352942,
        "f1": 0.9242053789731052,
        "tp": 189,
        "fp": 16,
        "fn": 15,
        "n": 235,
        "n_positive": 204
      },
      "by_type": {
        "overgeneration": {
          "precision": 1.0,
          "recall": 0.9693877551020408,
          "f1": 0.9844559585492229,
          "tp": 95,
          "fp": 0,
          "fn": 3,
          "n": 98,
          "n_positive": 98
        },
        "missing_tool": {
          "precision": 1.0,
          "recall": 0.9,
          "f1": 0.9473684210526316,
          "tp": 63,
          "fp": 0,
          "fn": 7,
          "n": 70,
          "n_positive": 70
        },
        "clean": {
          "precision": 0.0,
          "recall": 0.0,
          "f1": 0.0,
          "tp": 0,
          "fp": 16,
          "fn": 0,
          "n": 31,
          "n_positive": 0
        },
        "contradiction": {
          "precision": 1.0,
          "recall": 0.8611111111111112,
          "f1": 0.9253731343283582,
          "tp": 31,
          "fp": 0,
          "fn": 5,
          "n": 36,
          "n_positive": 36
        }
      }
    },
    "span_level": {
      "overall": {
        "precision": 0.1760642818511937,
        "recall": 0.7050742574257426,
        "f1": 0.2817681607418856,
        "tp": 11394,
        "fp": 53321,
        "fn": 4766,
        "n": 235
      },
      "by_type": {
        "overgeneration": {
          "precision": 0.23469587326422844,
          "recall": 0.6823720552396426,
          "f1": 0.3492650880439076,
          "tp": 8400,
          "fp": 27391,
          "fn": 3910,
          "n": 98
        },
        "missing_tool": {
          "precision": 0.1256074080865499,
          "recall": 0.7937427578215527,
          "f1": 0.2168922662867094,
          "tp": 2740,
          "fp": 19074,
          "fn": 712,
          "n": 70
        },
        "clean": {
          "precision": 0.0,
          "recall": 0.0,
          "f1": 0.0,
          "tp": 0,
          "fp": 3200,
          "fn": 0,
          "n": 31
        },
        "contradiction": {
          "precision": 0.0649616368286445,
          "recall": 0.6381909547738693,
          "f1": 0.11792014856081708,
          "tp": 254,
          "fp": 3656,
          "fn": 144,
          "n": 36
        }
      }
    }
  },
  "contradiction": {
    "example_level": {
      "overall": {
        "precision": 0.6595744680851063,
        "recall": 0.8611111111111112,
        "f1": 0.7469879518072289,
        "tp": 31,
        "fp": 16,
        "fn": 5,
        "n": 67,
        "n_positive": 36
      },
      "by_type": {
        "clean": {
          "precision": 0.0,
          "recall": 0.0,
          "f1": 0.0,
          "tp": 0,
          "fp": 16,
          "fn": 0,
          "n": 31,
          "n_positive": 0
        },
        "contradiction": {
          "precision": 1.0,
          "recall": 0.8611111111111112,
          "f1": 0.9253731343283582,
          "tp": 31,
          "fp": 0,
          "fn": 5,
          "n": 36,
          "n_positive": 36
        }
      }
    },
    "span_level": {
      "overall": {
        "precision": 0.03572433192686357,
        "recall": 0.6381909547738693,
        "f1": 0.06766116142781034,
        "tp": 254,
        "fp": 6856,
        "fn": 144,
        "n": 67
      },
      "by_type": {
        "clean": {
          "precision": 0.0,
          "recall": 0.0,
          "f1": 0.0,
          "tp": 0,
          "fp": 3200,
          "fn": 0,
          "n": 31
        },
        "contradiction": {
          "precision": 0.0649616368286445,
          "recall": 0.6381909547738693,
          "f1": 0.11792014856081708,
          "tp": 254,
          "fp": 3656,
          "fn": 144,
          "n": 36
        }
      }
    }
  },
  "missing_tool": {
    "example_level": {
      "overall": {
        "precision": 0.7974683544303798,
        "recall": 0.9,
        "f1": 0.8456375838926175,
        "tp": 63,
        "fp": 16,
        "fn": 7,
        "n": 101,
        "n_positive": 70
      },
      "by_type": {
        "missing_tool": {
          "precision": 1.0,
          "recall": 0.9,
          "f1": 0.9473684210526316,
          "tp": 63,
          "fp": 0,
          "fn": 7,
          "n": 70,
          "n_positive": 70
        },
        "clean": {
          "precision": 0.0,
          "recall": 0.0,
          "f1": 0.0,
          "tp": 0,
          "fp": 16,
          "fn": 0,
          "n": 31,
          "n_positive": 0
        }
      }
    },
    "span_level": {
      "overall": {
        "precision": 0.10953865835132326,
        "recall": 0.7937427578215527,
        "f1": 0.1925103632403569,
        "tp": 2740,
        "fp": 22274,
        "fn": 712,
        "n": 101
      },
      "by_type": {
        "missing_tool": {
          "precision": 0.1256074080865499,
          "recall": 0.7937427578215527,
          "f1": 0.2168922662867094,
          "tp": 2740,
          "fp": 19074,
          "fn": 712,
          "n": 70
        },
        "clean": {
          "precision": 0.0,
          "recall": 0.0,
          "f1": 0.0,
          "tp": 0,
          "fp": 3200,
          "fn": 0,
          "n": 31
        }
      }
    }
  },
  "overgeneration": {
    "example_level": {
      "overall": {
        "precision": 0.8558558558558559,
        "recall": 0.9693877551020408,
        "f1": 0.9090909090909091,
        "tp": 95,
        "fp": 16,
        "fn": 3,
        "n": 129,
        "n_positive": 98
      },
      "by_type": {
        "overgeneration": {
          "precision": 1.0,
          "recall": 0.9693877551020408,
          "f1": 0.9844559585492229,
          "tp": 95,
          "fp": 0,
          "fn": 3,
          "n": 98,
          "n_positive": 98
        },
        "clean": {
          "precision": 0.0,
          "recall": 0.0,
          "f1": 0.0,
          "tp": 0,
          "fp": 16,
          "fn": 0,
          "n": 31,
          "n_positive": 0
        }
      }
    },
    "span_level": {
      "overall": {
        "precision": 0.2154343309994614,
        "recall": 0.6823720552396426,
        "f1": 0.3274789965107892,
        "tp": 8400,
        "fp": 30591,
        "fn": 3910,
        "n": 129
      },
      "by_type": {
        "overgeneration": {
          "precision": 0.23469587326422844,
          "recall": 0.6823720552396426,
          "f1": 0.3492650880439076,
          "tp": 8400,
          "fp": 27391,
          "fn": 3910,
          "n": 98
        },
        "clean": {
          "precision": 0.0,
          "recall": 0.0,
          "f1": 0.0,
          "tp": 0,
          "fp": 3200,
          "fn": 0,
          "n": 31
        }
      }
    }
  }
}