{
  "methods": [
    "modernbert",
    "lettuce_large",
    "lookback_best",
    "nli",
    "rule_mt",
    "ensemble",
    "qwen_lora"
  ],
  "agreement": [
    [
      1.0,
      0.6532175689479061,
      0.7471910112359551,
      0.5137895812053116,
      0.8840653728294178,
      0.9489274770173647,
      0.9570990806945863
    ],
    [
      0.6532175689479061,
      1.0,
      0.6210418794688458,
      0.7410623084780388,
      0.5760980592441267,
      0.63585291113381,
      0.643003064351379
    ],
    [
      0.7471910112359551,
      0.6210418794688458,
      1.0,
      0.5960163432073544,
      0.6486210418794689,
      0.7492339121552605,
      0.7410623084780388
    ],
    [
      0.5137895812053116,
      0.7410623084780388,
      0.5960163432073544,
      1.0,
      0.4090909090909091,
      0.5045965270684372,
      0.5127681307456589
    ],
    [
      0.8840653728294178,
      0.5760980592441267,
      0.6486210418794689,
      0.4090909090909091,
      1.0,
      0.8667007150153218,
      0.8922369765066395
    ],
    [
      0.9489274770173647,
      0.63585291113381,
      0.7492339121552605,
      0.5045965270684372,
      0.8667007150153218,
      1.0,
      0.9458631256384066
    ],
    [
      0.9570990806945863,
      0.643003064351379,
      0.7410623084780388,
      0.5127681307456589,
      0.8922369765066395,
      0.9458631256384066,
      1.0
    ]
  ],
  "cohen_kappa": [
    [
      1.0,
      0.21711084965380495,
      0.34753456509709496,
      0.14808091333717247,
      0.041731526318286534,
      0.7685064766165532,
      0.7866526918766341
    ],
    [
      0.21711084965380495,
      1.0,
      0.20730734521106145,
      0.4960202748188334,
      0.00520432261168621,
      0.18268698239332332,
      0.1918273494805438
    ],
    [
      0.34753456509709496,
      0.20730734521106145,
      1.0,
      0.23370991985703096,
      0.008141885872230279,
      0.3612284574118197,
      0.3275452127767669
    ],
    [
      0.14808091333717247,
      0.4960202748188334,
      0.23370991985703096,
      1.0,
      0.001153427964984498,
      0.12706277301407543,
      0.14854508955188503
    ],
    [
      0.041731526318286534,
      0.00520432261168621,
      0.008141885872230279,
      0.001153427964984498,
      1.0,
      0.03538059050703933,
      0.04539005781201634
    ],
    [
      0.7685064766165532,
      0.18268698239332332,
      0.3612284574118197,
      0.12706277301407543,
      0.03538059050703933,
      1.0,
      0.7477944714751646
    ],
    [
      0.7866526918766341,
      0.1918273494805438,
      0.3275452127767669,
      0.14854508955188503,
      0.04539005781201634,
      0.7477944714751646,
      1.0
    ]
  ]
}